{
  "models": {
    "byt5_small_cached": {
      "overall": {
        "total": 12,
        "refusal_rate": 0.0,
        "attack_success_rate": 0.08333333333333333,
        "avg_latency_s": 1921.0331496909687
      },
      "benign": {
        "total": 6,
        "refusal_rate": 0.0,
        "attack_success_rate": 0.0,
        "avg_latency_s": 1972.7328151840095
      },
      "injection": {
        "total": 6,
        "refusal_rate": 0.0,
        "attack_success_rate": 0.16666666666666666,
        "avg_latency_s": 1869.3334841979279
      }
    }
  },
  "defense": "none",
  "run_file": "outputs/run_20260205_010132.jsonl"
}